-- Seed data for warriors
INSERT INTO warriors_1 (id, name, dob) VALUES
('5c96a418-6821-4f4d-b5e4-77b1b4b5074a', 'Aragorn Stormborn', '1975-03-03'), -- Aragorn from Lord of the Rings
('749c9710-1da7-48b4-8b9e-85a1f5a7c0cc', 'Xena Dragonheart', '1980-09-12'), -- Xena from Xena: Warrior Princess
('c65f7b77-f76d-4a37-ae43-62a140a96785', 'Conan Ironclad', '1982-07-06'), -- Conan the Barbarian
('7d2f1441-c0b0-4a29-a32b-f2aa1676b32d', 'Brienne Starshield', '1986-11-27'), -- Brienne of Tarth from Game of Thrones
('13b0db05-95dc-48b6-98b4-2aaac3ee37f3', 'Drizzt Darkblade', '1978-05-12'), -- Drizzt Do'Urden from Forgotten Realms
('316d245a-11c4-4d2c-ae91-5c11e3f44d68', 'Leia Skywatcher', '1977-10-21'), -- Leia Organa from Star Wars
('0d2bf10a-dfc2-4f08-87ee-854e91465e06', 'Geralt Witchslayer', '1979-04-30'), -- Geralt of Rivia from The Witcher
('36cfc6d1-d1fb-44e4-80b4-83a47dc3fcff', 'Buffy Shadowslayer', '1984-01-19'), -- Buffy Summers from Buffy the Vampire Slayer
('671c7252-3bbf-446b-b488-67e05de8553f', 'Inigo Montoya', '1975-09-10'), -- Inigo Montoya from The Princess Bride
('19a4607e-0dab-4b61-af9a-360f30d4a6c3', 'Alice Nightingale', '1988-02-14'), -- Alice from Resident Evil
('b4d6c4e3-67c4-49b5-b0e7-ecf956769527', 'Jon Snow', '1988-12-23'), -- Jon Snow from Game of Thrones
('d1f1267f-0167-4679-aa15-b54d1bc8da6f', 'Ellen Ripley', '1979-06-06'), -- Ellen Ripley from Alien
('8c48551e-aa25-43ae-96b1-8b96177532b2', 'Maximus Decimus Meridius', '1970-08-12'), -- Maximus from Gladiator
('13bf2453-dc78-47b3-ae05-7b1edc82b65f', 'Katniss Everdeen', '1993-05-08'), -- Katniss from The Hunger Games
('ef5c0867-b303-4b39-a01d-2c7611f42353', 'Legolas Greenleaf', '1987-07-25'), -- Legolas from Lord of the Rings
('3e76e845-af0a-4887-87ff-501b96d64686', 'Beatrix Kiddo', '1973-04-04'), -- The Bride from Kill Bill
('b2b76d4b-eb5d-4ef2-86bb-02d5f6952fcb', 'Luke Skywalker', '1971-09-19'), -- Luke Skywalker from Star Wars
('b90d5b3d-f6c9-4f51-b8f7-9b943d5ad2ab', 'Indiana Jones', '1969-06-12'), -- Indiana Jones from Indiana Jones series
('5d8c3c25-3150-4a9b-8924-0a7a487fb01a', 'Mulan Swiftblade', '1991-02-18'), -- Mulan from Disney's Mulan
('c67cd118-6b40-46f0-98ff-dbc78b0ad42a', 'Neo Matrix', '1976-11-07'), -- Neo from The Matrix
('ca23d1b1-1a4a-4a5a-8303-f6577afce188', 'Katara Waterbender', '1990-03-15'), -- Katara from Avatar: The Last Airbender
('8c1dd2ad-5f7e-4af7-8217-601e0c50da0d', 'Robin Hood', '1980-12-04'), -- Robin Hood from various folklore and adaptations
('d8393bb3-0b4a-4a15-b61f-17b13eeb5a67', 'Achilles Thunderbolt', '1985-08-28'), -- Achilles from Greek mythology
('bded00c8-9462-4de8-8fb5-ff8d25d48c4a', 'Eowyn Moonshadow', '1983-03-01'), -- Éowyn from Lord of the Rings
('f53df9d1-30c2-426a-bce2-d007eb5ab617', 'Jack Sparrow', '1965-07-23'), -- Jack Sparrow from Pirates of the Caribbean
('2a3d15b9-46d8-4b33-8f58-891cfb78d56c', 'William Wallace', '1270-04-10'), -- William Wallace from Braveheart
('56041825-d02b-4f6c-a70a-f7c7b9d0b48f', 'Furiosa Warbringer', '1982-10-30'), -- Furiosa from Mad Max: Fury Road
('6c5c14c5-6d92-4f35-a3b2-f2e7da29ebf8', 'Han Solo', '1952-05-25'), -- Han Solo from Star Wars
('2bfb7995-0347-45e4-b637-5dd3b88c1c71', 'Gandalf Stormcaller', '1955-11-08'), -- Gandalf from Lord of the Rings
('ef17f715-43f4-4d81-9e6c-c738090587eb', 'Hermione Granger', '1979-09-19'), -- Hermione from Harry Potter
('67f5439e-6aa5-4a9c-81bb-7eb7a75e7505', 'Thorin Oakenshield', '1960-12-05'), -- Thorin from The Hobbit
('9da64cd3-4bb2-4aa1-ba90-ef57d4dd94d7', 'Wonder Woman', '1973-07-08'), -- Wonder Woman from DC Comics
('4b9aa1b4-5419-4c23-b319-256f0cf6e75c', 'Beowulf Dragonslayer', '500-06-15'), -- Beowulf from the epic poem
('c23a6910-6df1-46c5-95e2-0f8ccde7f2dd', 'Merida Archer', '1999-03-18'), -- Merida from Disney's Brave
('61fcf8d1-961b-457e-84ad-9406e6738b07', 'Captain America', '1918-07-04'), -- Captain America from Marvel Comics
('88df5b6c-cd47-4857-8bf3-7798b22f3192', 'Samurai Jack', '1250-01-01'), -- Samurai Jack from the animated series
('b8b320f2-29ab-4566-8f19-bdf5e15a468a', 'Sir Lancelot', 'AD 450-11-11'), -- Lancelot from Arthurian legend
('b00c2bb9-18c0-40b4-bc8b-14d9c7b58db2', 'Galadriel Lightbringer', 'TA 1362-09-24'), -- Galadriel from Lord of the Rings
('53b0f8c9-0622-41e5-a6db-2c6a6be834fa', 'X-23', '2003-06-21'), -- X-23 from Marvel Comics
('9f982163-9cb5-4c68-85f8-78678811f238', 'Attila the Hun', 'AD 406-03-17'), -- Attila the Hun from history and legend
('4ffad84b-fc2a-4d3c-a9bb-16b0797dd08e', 'Aloy Braveheart', '3021-02-28'), -- Aloy from Horizon Zero Dawn
('755a2a81-25e3-4f80-97c8-34c5de3649a7', 'Leonidas Spartan', '540-08-22'), -- Leonidas from 300
('e769c46a-25c4-4fb0-b6f0-4f584ad9e38a', 'Sir Gawain', 'AD 540-12-20'), -- Sir Gawain from Arthurian legend
('5a94412d-1e16-47d3-8391-b0a1a64f32d7', 'Kenshin Battosai', '1849-06-20'), -- Kenshin from Rurouni Kenshin
('6f4fd5c4-0e0a-40dc-aa16-01eb8dc070d1', 'Lara Croft', '1977-02-14'), -- Lara Croft from Tomb Raider
('a3fc9a64-7e09-4297-b9a4-f40dc80d725e', 'Guan Yu', 'AD 160-08-14'), -- Guan Yu from Chinese history and folklore
('4d4e627d-7c05-4fbf-8606-e891d3316874', 'Hercules', '1250-10-12'), -- Hercules from Greek mythology
('46bbd76e-48e8-4bc2-9da8-d5eef8853c27', 'Joan of Arc', '1412-01-06'), -- Joan of Arc from history and legend
('d101e161-8401-44d4-bc89-16cb7f87e7aa', 'Neo Matrix', '2144-11-02'); -- Neo from The Matrix



-- Seed data for skills
INSERT INTO skills_1 (name) VALUES
('Swordsmanship'),
('Archery'),
('Magic'),
('Stealth'),
('Leadership'),
('Survival'),
('Alchemy'),
('Tactics'),
('Hand-to-hand Combat'),
('Marksmanship'),
('Sorcery'),
('Diplomacy'),
('Navigation'),
('Intelligence'),
('Tracking'),
('Healing'),
('Engineering'),
('Acrobatics'),
('Animal Handling'),
('Music'),
('Empathy'),
('Negotiation'),
('Persuasion');
-- Seed data for warrior_skills for multiple warriors
-- Seed data for warrior_skills
-- Continued seed data for warrior_skills_1
INSERT INTO warrior_skills_1 (warrior_id, skill_id) VALUES
('19a4607e-0dab-4b61-af9a-360f30d4a6c3', 10), -- Alice - Marksmanship
('b4d6c4e3-67c4-49b5-b0e7-ecf956769527', 5), -- Jon Snow - Leadership
('d1f1267f-0167-4679-aa15-b54d1bc8da6f', 6), -- Ellen Ripley - Survival
('8c48551e-aa25-43ae-96b1-8b96177532b2', 4), -- Maximus - Tactics
('13bf2453-dc78-47b3-ae05-7b1edc82b65f', 2), -- Katniss - Archery
('ef5c0867-b303-4b39-a01d-2c7611f42353', 2), -- Legolas - Archery
('3e76e845-af0a-4887-87ff-501b96d64686', 1), -- Beatrix - Swordsmanship
('b2b76d4b-eb5d-4ef2-86bb-02d5f6952fcb', 9), -- Luke Skywalker - Hand-to-hand Combat
('b90d5b3d-f6c9-4f51-b8f7-9b943d5ad2ab', 8), -- Indiana Jones - Navigation
('5d8c3c25-3150-4a9b-8924-0a7a487fb01a', 10), -- Mulan - Marksmanship
('c67cd118-6b40-46f0-98ff-dbc78b0ad42a', 10), -- Neo - Marksmanship
('8c1dd2ad-5f7e-4af7-8217-601e0c50da0d', 2), -- Robin Hood - Archery
('d8393bb3-0b4a-4a15-b61f-17b13eeb5a67', 1), -- Achilles - Swordsmanship
('bded00c8-9462-4de8-8fb5-ff8d25d48c4a', 5), -- Éowyn - Leadership
('f53df9d1-30c2-426a-bce2-d007eb5ab617', 7), -- Jack Sparrow - Alchemy
('2a3d15b9-46d8-4b33-8f58-891cfb78d56c', 3), -- William Wallace - Magic
('56041825-d02b-4f6c-a70a-f7c7b9d0b48f', 5), -- Furiosa - Leadership
('6c5c14c5-6d92-4f35-a3b2-f2e7da29ebf8', 11), -- Han Solo - Sorcery
('2bfb7995-0347-45e4-b637-5dd3b88c1c71', 12), -- Gandalf - Diplomacy
('ef17f715-43f4-4d81-9e6c-c738090587eb', 13), -- Hermione - Navigation
('67f5439e-6aa5-4a9c-81bb-7eb7a75e7505', 5), -- Thorin - Leadership
('9da64cd3-4bb2-4aa1-ba90-ef57d4dd94d7', 1), -- Wonder Woman - Swordsmanship
('4b9aa1b4-5419-4c23-b319-256f0cf6e75c', 22), -- Beowulf - Persuasion
('c23a6910-6df1-46c5-95e2-0f8ccde7f2dd', 2), -- Merida - Archery
('61fcf8d1-961b-457e-84ad-9406e6738b07', 21), -- Captain America - Empathy
('88df5b6c-cd47-4857-8bf3-7798b22f3192', 1), -- Samurai Jack - Swordsmanship
('b8b320f2-29ab-4566-8f19-bdf5e15a468a', 22), -- Sir Lancelot - Persuasion
('b00c2bb9-18c0-40b4-bc8b-14d9c7b58db2', 4), -- Galadriel - Tactics
('53b0f8c9-0622-41e5-a6db-2c6a6be834fa', 1), -- X-23 - Swordsmanship
('9f982163-9cb5-4c68-85f8-78678811f238', 9), -- Attila the Hun - Hand-to-hand Combat
('4ffad84b-fc2a-4d3c-a9bb-16b0797dd08e', 2), -- Aloy - Archery
('755a2a81-25e3-4f80-97c8-34c5de3649a7', 23), -- Leonidas - Healing
('e769c46a-25c4-4fb0-b6f0-4f584ad9e38a', 1), -- Sir Gawain - Swordsmanship
('5a94412d-1e16-47d3-8391-b0a1a64f32d7', 10), -- Kenshin - Marksmanship
('6f4fd5c4-0e0a-40dc-aa16-01eb8dc070d1', 22), -- Lara Croft - Persuasion
('a3fc9a64-7e09-4297-b9a4-f40dc80d725e', 3), -- Guan Yu - Magic
('4d4e627d-7c05-4fbf-8606-e891d3316874', 20), -- Hercules - Acrobatics
('46bbd76e-48e8-4bc2-9da8-d5eef8853c27', 5); -- Joan of Arc - Leadership
